{
  "generated": "2026-04-06T15:28:12.251873",
  "num_settlements": 8,
  "reachability": {
    "mean": 100.0,
    "median": 100.0,
    "std": 0.0,
    "min": 100.0,
    "max": 100.0
  },
  "topographic": {
    "mean": 1.7320143554712488,
    "median": 1.4988705123033481,
    "std": 0.5725120893639092,
    "min": 1.117948717948718,
    "max": 2.6315789473684212
  },
  "diversity": {
    "mean": 0.957687267507561,
    "median": 0.9601316322367233,
    "std": 0.025781658902878014,
    "min": 0.9132609834451486,
    "max": 0.9953350989405667
  }
}