{
  "generated": "2026-04-07T16:45:05.148991",
  "num_settlements": 39,
  "reachability": {
    "mean": 100.0,
    "median": 100.0,
    "std": 0.0,
    "min": 100.0,
    "max": 100.0
  },
  "topographic": {
    "mean": 1.391603320189537,
    "median": 1.148780487804878,
    "std": 0.8740597545709744,
    "min": 0.19523809523809524,
    "max": 4.433333333333334
  },
  "diversity": {
    "mean": 1.7826409381606476,
    "median": 2.218022704222287,
    "std": 0.5220043995884942,
    "min": 1.1567796494470395,
    "max": 2.218022704222287
  },
  "wood_types": {
    "birch": 9,
    "dark_oak": 5,
    "oak": 12,
    "cherry": 4,
    "spruce": 7,
    "pale_oak": 2
  },
  "unique_wood_types": 6,
  "wood_type_entropy": 2.392838117568025,
  "max_wood_percentage": 30.76923076923077,
  "max_wood_type": "oak",
  "diversity_40percent_pass": true,
  "unique_wood_block_types": 13,
  "wood_block_types": [
    "birch_log",
    "birch_planks",
    "birch_stairs",
    "cherry_log",
    "cherry_planks",
    "cherry_stairs",
    "cobblestone",
    "dark_oak_log",
    "dark_oak_planks",
    "dark_oak_stairs",
    "spruce_log",
    "spruce_planks",
    "spruce_stairs"
  ]
}