{
  "timestamp": "2026-04-06T15:17:35.027200",
  "location": {
    "x": 883,
    "z": -117
  },
  "settlement": {
    "num_houses": 11,
    "num_farms": 2,
    "num_roads": 321,
    "center": [
      929,
      -4
    ]
  },
  "metrics": {
    "reachability_pct": 100.0,
    "avg_height_delta": 2.6315789473684212,
    "max_height_delta": 10.0,
    "diversity_entropy": 0.9722547759706059
  }
}