{
  "timestamp": "2026-04-06T15:18:49.498950",
  "location": {
    "x": 950,
    "z": -341
  },
  "settlement": {
    "num_houses": 12,
    "num_farms": 2,
    "num_roads": 252,
    "center": [
      986,
      -110
    ]
  },
  "metrics": {
    "reachability_pct": 100.0,
    "avg_height_delta": 2.6256410256410256,
    "max_height_delta": 10.0,
    "diversity_entropy": 0.9257737094153261
  }
}