{
  "timestamp": "2026-04-06T15:26:28.763911",
  "location": {
    "x": -527,
    "z": 63
  },
  "settlement": {
    "num_houses": 6,
    "num_farms": 1,
    "num_roads": 289,
    "center": [
      -481,
      146
    ]
  },
  "metrics": {
    "reachability_pct": 100.0,
    "avg_height_delta": 1.4216216216216215,
    "max_height_delta": 6.0,
    "diversity_entropy": 0.9953350989405667
  }
}