{
  "timestamp": "2026-04-06T15:09:33.374149",
  "location": {
    "x": 316,
    "z": 63
  },
  "settlement": {
    "num_houses": 12,
    "num_farms": 2,
    "num_roads": 288,
    "center": [
      348,
      286
    ]
  },
  "metrics": {
    "reachability_pct": 100.0,
    "avg_height_delta": 1.3846153846153846,
    "max_height_delta": 8.0,
    "diversity_entropy": 0.9519024770009721
  }
}