{
  "timestamp": "2026-04-06T15:21:14.968865",
  "location": {
    "x": 56,
    "z": 63
  },
  "settlement": {
    "num_houses": 12,
    "num_farms": 2,
    "num_roads": 309,
    "center": [
      86,
      130
    ]
  },
  "metrics": {
    "reachability_pct": 100.0,
    "avg_height_delta": 1.117948717948718,
    "max_height_delta": 12.0,
    "diversity_entropy": 0.9636221793922012
  }
}