{
  "timestamp": "2026-04-06T15:20:30.876977",
  "location": {
    "x": -9,
    "z": -6
  },
  "settlement": {
    "num_houses": 12,
    "num_farms": 2,
    "num_roads": 296,
    "center": [
      14,
      24
    ]
  },
  "metrics": {
    "reachability_pct": 100.0,
    "avg_height_delta": 1.1435897435897435,
    "max_height_delta": 11.0,
    "diversity_entropy": 0.9566410850812452
  }
}