{
  "timestamp": "2026-04-06T17:00:07.410338",
  "location": {
    "x": 166,
    "z": 417
  },
  "settlement": {
    "num_houses": 12,
    "num_farms": 2,
    "num_roads": 238,
    "center": [
      233,
      464
    ]
  },
  "metrics": {
    "reachability_pct": 100.0,
    "avg_height_delta": 1.3194444444444444,
    "max_height_delta": 7.0,
    "diversity_entropy": 0.9271401892960089
  }
}